{
    "operation": {
        "pr": 0.8244852042555136,
        "re": 0.8710977833525272,
        "fb": 0.8423439137686862
    },
    "req": {
        "pr": 0.7900020189549287,
        "re": 0.7981094461379884,
        "fb": 0.7857429192307693
    },
    "res": {
        "pr": 0.7578138327599696,
        "re": 0.8037267252762073,
        "fb": 0.7752380008350017
    },
    "constraint": {
        "pr": 0.7050062790041255,
        "re": 0.6468908313561933,
        "fb": 0.6591335774209848
    }
}