{
    "pub-accountill.op.json": {
        "operation": {
            "pr": 0.7142857142857143,
            "re": 1.0,
            "fb": 0.8333333333333333,
            "tp_num": 20,
            "fp_num": 8,
            "fn_num": 0
        },
        "req": {
            "pr": 0.6607142857142857,
            "re": 0.8705882352941177,
            "fb": 0.751269035532995,
            "tp_num": 74,
            "fp_num": 38,
            "fn_num": 11
        },
        "res": {
            "pr": 0.6551724137931034,
            "re": 0.95,
            "fb": 0.7755102040816326,
            "tp_num": 19,
            "fp_num": 10,
            "fn_num": 1
        },
        "constraint": {
            "pr": 0.6666666666666666,
            "re": 0.8181818181818182,
            "fb": 0.7346938775510203,
            "tp_num": 18,
            "fp_num": 9,
            "fn_num": 4
        }
    },
    "pub-cassandra.op.json": {
        "operation": {
            "pr": 0.9615384615384616,
            "re": 1.0,
            "fb": 0.9803921568627451,
            "tp_num": 50,
            "fp_num": 2,
            "fn_num": 0
        },
        "req": {
            "pr": 0.9381443298969072,
            "re": 0.9578947368421052,
            "fb": 0.9479166666666666,
            "tp_num": 91,
            "fp_num": 6,
            "fn_num": 4
        },
        "res": {
            "pr": 0.9649122807017544,
            "re": 1.0,
            "fb": 0.9821428571428572,
            "tp_num": 55,
            "fp_num": 2,
            "fn_num": 0
        },
        "constraint": {
            "pr": 0.7454545454545455,
            "re": 0.8367346938775511,
            "fb": 0.7884615384615385,
            "tp_num": 41,
            "fp_num": 14,
            "fn_num": 8
        }
    },
    "pub-laravel-blog.op.json": {
        "operation": {
            "pr": 0.20588235294117646,
            "re": 0.30434782608695654,
            "fb": 0.2456140350877193,
            "tp_num": 7,
            "fp_num": 27,
            "fn_num": 16
        },
        "req": {
            "pr": 0.24675324675324675,
            "re": 0.3333333333333333,
            "fb": 0.2835820895522388,
            "tp_num": 19,
            "fp_num": 58,
            "fn_num": 38
        },
        "res": {
            "pr": 0.2,
            "re": 0.30434782608695654,
            "fb": 0.24137931034482762,
            "tp_num": 7,
            "fp_num": 28,
            "fn_num": 16
        },
        "constraint": {
            "pr": 0.1935483870967742,
            "re": 0.15384615384615385,
            "fb": 0.17142857142857143,
            "tp_num": 6,
            "fp_num": 25,
            "fn_num": 33
        }
    },
    "pub-lin-cms.op.json": {
        "operation": {
            "pr": 0.9642857142857143,
            "re": 0.84375,
            "fb": 0.8999999999999999,
            "tp_num": 27,
            "fp_num": 1,
            "fn_num": 5
        },
        "req": {
            "pr": 0.9038461538461539,
            "re": 0.7704918032786885,
            "fb": 0.8318584070796459,
            "tp_num": 47,
            "fp_num": 5,
            "fn_num": 14
        },
        "res": {
            "pr": 0.7142857142857143,
            "re": 0.625,
            "fb": 0.6666666666666666,
            "tp_num": 20,
            "fp_num": 8,
            "fn_num": 12
        },
        "constraint": {
            "pr": 0.8235294117647058,
            "re": 0.6666666666666666,
            "fb": 0.7368421052631577,
            "tp_num": 42,
            "fp_num": 9,
            "fn_num": 21
        }
    },
    "pub-proshop.op.json": {
        "operation": {
            "pr": 0.96,
            "re": 1.0,
            "fb": 0.9795918367346939,
            "tp_num": 24,
            "fp_num": 1,
            "fn_num": 0
        },
        "req": {
            "pr": 0.975609756097561,
            "re": 1.0,
            "fb": 0.9876543209876543,
            "tp_num": 40,
            "fp_num": 1,
            "fn_num": 0
        },
        "res": {
            "pr": 0.96,
            "re": 1.0,
            "fb": 0.9795918367346939,
            "tp_num": 24,
            "fp_num": 1,
            "fn_num": 0
        },
        "constraint": {
            "pr": 0.9583333333333334,
            "re": 0.696969696969697,
            "fb": 0.8070175438596493,
            "tp_num": 23,
            "fp_num": 1,
            "fn_num": 10
        }
    },
    "pub-proxy-print.op.json": {
        "operation": {
            "pr": 1.0,
            "re": 0.9861111111111112,
            "fb": 0.993006993006993,
            "tp_num": 71,
            "fp_num": 0,
            "fn_num": 1
        },
        "req": {
            "pr": 0.9483870967741935,
            "re": 0.875,
            "fb": 0.9102167182662539,
            "tp_num": 147,
            "fp_num": 8,
            "fn_num": 21
        },
        "res": {
            "pr": 0.8591549295774648,
            "re": 0.8472222222222222,
            "fb": 0.8531468531468532,
            "tp_num": 61,
            "fp_num": 10,
            "fn_num": 11
        },
        "constraint": {
            "pr": 0.8686868686868687,
            "re": 0.7818181818181819,
            "fb": 0.8229665071770336,
            "tp_num": 86,
            "fp_num": 13,
            "fn_num": 24
        }
    },
    "pub-realworld.op.json": {
        "operation": {
            "pr": 0.7142857142857143,
            "re": 0.8333333333333334,
            "fb": 0.7692307692307692,
            "tp_num": 15,
            "fp_num": 6,
            "fn_num": 3
        },
        "req": {
            "pr": 0.6206896551724138,
            "re": 0.782608695652174,
            "fb": 0.6923076923076923,
            "tp_num": 18,
            "fp_num": 11,
            "fn_num": 5
        },
        "res": {
            "pr": 0.6666666666666666,
            "re": 0.7777777777777778,
            "fb": 0.717948717948718,
            "tp_num": 14,
            "fp_num": 7,
            "fn_num": 4
        },
        "constraint": {
            "pr": 0.4583333333333333,
            "re": 0.6111111111111112,
            "fb": 0.5238095238095238,
            "tp_num": 11,
            "fp_num": 13,
            "fn_num": 7
        }
    },
    "pub-ur-codebin.op.json": {
        "operation": {
            "pr": 1.0,
            "re": 0.8571428571428571,
            "fb": 0.923076923076923,
            "tp_num": 6,
            "fp_num": 0,
            "fn_num": 1
        },
        "req": {
            "pr": 1.0,
            "re": 0.6875,
            "fb": 0.8148148148148148,
            "tp_num": 11,
            "fp_num": 0,
            "fn_num": 5
        },
        "res": {
            "pr": 1.0,
            "re": 0.8571428571428571,
            "fb": 0.923076923076923,
            "tp_num": 6,
            "fp_num": 0,
            "fn_num": 1
        },
        "constraint": {
            "pr": 0.8,
            "re": 0.3333333333333333,
            "fb": 0.47058823529411764,
            "tp_num": 4,
            "fp_num": 1,
            "fn_num": 8
        }
    },
    "priv-edu-cms.op.json": {
        "operation": {
            "pr": 0.8292682926829268,
            "re": 1.0,
            "fb": 0.9066666666666667,
            "tp_num": 34,
            "fp_num": 7,
            "fn_num": 0
        },
        "req": {
            "pr": 0.67,
            "re": 0.8933333333333333,
            "fb": 0.7657142857142857,
            "tp_num": 67,
            "fp_num": 33,
            "fn_num": 8
        },
        "res": {
            "pr": 0.8048780487804879,
            "re": 0.9705882352941176,
            "fb": 0.8800000000000001,
            "tp_num": 33,
            "fp_num": 8,
            "fn_num": 1
        },
        "constraint": {
            "pr": 0.75,
            "re": 0.8478260869565217,
            "fb": 0.7959183673469389,
            "tp_num": 39,
            "fp_num": 13,
            "fn_num": 7
        }
    },