{
    "operation": {
        "pr": 0.9377827343200744,
        "re": 0.9844720496894409,
        "fb": 0.9544306755458533
    },
    "req": {
        "pr": 0.8456810007321854,
        "re": 0.7491286192143263,
        "fb": 0.7802466385703036
    },
    "res": {
        "pr": 0.7054398697403816,
        "re": 0.750847218693273,
        "fb": 0.7219995657124626
    },
    "constraint": {
        "pr": 0.7843659535338974,
        "re": 0.6541977569625606,
        "fb": 0.6929568186114293
    }
}