{
    "pub-accountill.op.json": {
        "operation": {
            "pr": 1.0,
            "re": 1.0,
            "fb": 1.0,
            "tp_num": 20,
            "fp_num": 0,
            "fn_num": 0
        },
        "req": {
            "pr": 0.8085106382978723,
            "re": 0.4470588235294118,
            "fb": 0.5757575757575757,
            "tp_num": 38,
            "fp_num": 9,
            "fn_num": 47
        },
        "res": {
            "pr": 0.9047619047619048,
            "re": 0.95,
            "fb": 0.9268292682926829,
            "tp_num": 19,
            "fp_num": 2,
            "fn_num": 1
        },
        "constraint": {
            "pr": 0.76,
            "re": 0.8636363636363636,
            "fb": 0.8085106382978724,
            "tp_num": 19,
            "fp_num": 6,
            "fn_num": 3
        }
    },
    "pub-cassandra.op.json": {
        "operation": {
            "pr": 0.9615384615384616,
            "re": 1.0,
            "fb": 0.9803921568627451,
            "tp_num": 50,
            "fp_num": 2,
            "fn_num": 0
        },
        "req": {
            "pr": 0.8837209302325582,
            "re": 0.8,
            "fb": 0.839779005524862,
            "tp_num": 76,
            "fp_num": 10,
            "fn_num": 19
        },
        "res": {
            "pr": 0.8771929824561403,
            "re": 0.9090909090909091,
            "fb": 0.8928571428571428,
            "tp_num": 50,
            "fp_num": 7,
            "fn_num": 5
        },
        "constraint": {
            "pr": 0.7111111111111111,
            "re": 0.6530612244897959,
            "fb": 0.6808510638297872,
            "tp_num": 32,
            "fp_num": 13,
            "fn_num": 17
        }
    },
    "pub-laravel-blog.op.json": {
        "operation": {
            "pr": 0.4782608695652174,
            "re": 0.9565217391304348,
            "fb": 0.6376811594202898,
            "tp_num": 22,
            "fp_num": 24,
            "fn_num": 1
        },
        "req": {
            "pr": 0.45714285714285713,
            "re": 0.8421052631578947,
            "fb": 0.5925925925925926,
            "tp_num": 48,
            "fp_num": 57,
            "fn_num": 9
        },
        "res": {
            "pr": 0.40425531914893614,
            "re": 0.8260869565217391,
            "fb": 0.5428571428571428,
            "tp_num": 19,
            "fp_num": 28,
            "fn_num": 4
        },
        "constraint": {
            "pr": 0.3956043956043956,
            "re": 0.9230769230769231,
            "fb": 0.5538461538461539,
            "tp_num": 36,
            "fp_num": 55,
            "fn_num": 3
        }
    },
    "pub-lin-cms.op.json": {
        "operation": {
            "pr": 1.0,
            "re": 1.0,
            "fb": 1.0,
            "tp_num": 32,
            "fp_num": 0,
            "fn_num": 0
        },
        "req": {
            "pr": 0.8444444444444444,
            "re": 0.6229508196721312,
            "fb": 0.7169811320754719,
            "tp_num": 38,
            "fp_num": 7,
            "fn_num": 23
        },
        "res": {
            "pr": 0.1875,
            "re": 0.1875,
            "fb": 0.1875,
            "tp_num": 6,
            "fp_num": 26,
            "fn_num": 26
        },
        "constraint": {
            "pr": 0.7073170731707317,
            "re": 0.4603174603174603,
            "fb": 0.5576923076923077,
            "tp_num": 29,
            "fp_num": 12,
            "fn_num": 34
        }
    },
    "pub-proshop.op.json": {
        "operation": {
            "pr": 1.0,
            "re": 1.0,
            "fb": 1.0,
            "tp_num": 24,
            "fp_num": 0,
            "fn_num": 0
        },
        "req": {
            "pr": 1.0,
            "re": 1.0,
            "fb": 1.0,
            "tp_num": 40,
            "fp_num": 0,
            "fn_num": 0
        },
        "res": {
            "pr": 1.0,
            "re": 1.0,
            "fb": 1.0,
            "tp_num": 24,
            "fp_num": 0,
            "fn_num": 0
        },
        "constraint": {
            "pr": 0.9545454545454546,
            "re": 0.6363636363636364,
            "fb": 0.7636363636363637,
            "tp_num": 21,
            "fp_num": 1,
            "fn_num": 12
        }
    },
    "pub-proxy-print.op.json": {
        "operation": {
            "pr": 0.9863013698630136,
            "re": 1.0,
            "fb": 0.993103448275862,
            "tp_num": 72,
            "fp_num": 1,
            "fn_num": 0
        },
        "req": {
            "pr": 0.8723404255319149,
            "re": 0.7321428571428571,
            "fb": 0.7961165048543688,
            "tp_num": 123,
            "fp_num": 18,
            "fn_num": 45
        },
        "res": {
            "pr": 0.9452054794520548,
            "re": 0.9583333333333334,
            "fb": 0.9517241379310345,
            "tp_num": 69,
            "fp_num": 4,
            "fn_num": 3
        },
        "constraint": {
            "pr": 0.8620689655172413,
            "re": 0.6818181818181818,
            "fb": 0.7614213197969542,
            "tp_num": 75,
            "fp_num": 12,
            "fn_num": 35
        }
    },
    "pub-realworld.op.json": {
        "operation": {
            "pr": 1.0,
            "re": 1.0,
            "fb": 1.0,
            "tp_num": 18,
            "fp_num": 0,
            "fn_num": 0
        },
        "req": {
            "pr": 0.9565217391304348,
            "re": 0.9565217391304348,
            "fb": 0.9565217391304348,
            "tp_num": 22,
            "fp_num": 1,
            "fn_num": 1
        },
        "res": {
            "pr": 0.9444444444444444,
            "re": 0.9444444444444444,
            "fb": 0.9444444444444444,
            "tp_num": 17,
            "fp_num": 1,
            "fn_num": 1
        },
        "constraint": {
            "pr": 0.9411764705882353,
            "re": 0.8888888888888888,
            "fb": 0.9142857142857143,
            "tp_num": 16,
            "fp_num": 1,
            "fn_num": 2
        }
    },
    "pub-ur-codebin.op.json": {
        "operation": {
            "pr": 0.8571428571428571,
            "re": 0.8571428571428571,
            "fb": 0.8571428571428571,
            "tp_num": 6,
            "fp_num": 1,
            "fn_num": 1
        },
        "req": {
            "pr": 0.9333333333333333,
            "re": 0.875,
            "fb": 0.9032258064516129,
            "tp_num": 14,
            "fp_num": 1,
            "fn_num": 2
        },
        "res": {
            "pr": 0.42857142857142855,
            "re": 0.42857142857142855,
            "fb": 0.42857142857142855,
            "tp_num": 3,
            "fp_num": 4,
            "fn_num": 4
        },
        "constraint": {
            "pr": 0.8571428571428571,
            "re": 0.5,
            "fb": 0.631578947368421,
            "tp_num": 6,
            "fp_num": 1,
            "fn_num": 6
        }
    },
    "priv-edu-cms.op.json": {
        "operation": {
            "pr": 1.0,
            "re": 1.0,
            "fb": 1.0,
            "tp_num": 34,
            "fp_num": 0,
            "fn_num": 0
        },
        "req": {
            "pr": 0.8536585365853658,
            "re": 0.4666666666666667,
            "fb": 0.603448275862069,
            "tp_num": 35,
            "fp_num": 6,
            "fn_num": 40
        },
        "res": {
            "pr": 0.8857142857142857,
            "re": 0.9117647058823529,
            "fb": 0.8985507246376812,
            "tp_num": 31,
            "fp_num": 4,
            "fn_num": 3
        },
        "constraint": {
            "pr": 0.7647058823529411,
            "re": 0.5652173913043478,
            "fb": 0.65,
            "tp_num": 26,
            "fp_num": 8,
            "fn_num": 20
        }
    },
    "priv-edu-one.op.json": {
        "operation": {
            "pr": 0.9701492537313433,
            "re": 1.0,
            "fb": 0.9848484848484849,
            "tp_num": 65,