{
    "operation": {
        "pr": 0.901990620945059,
        "re": 0.5470923657805132,
        "fb": 0.6190157437008278
    },
    "req": {
        "pr": null,
        "re": 0.0,
        "fb": null
    },
    "res": {
        "pr": 0.10296934865900383,
        "re": 0.027412783295136234,
        "fb": 0.14771488965037352
    },
    "constraint": {
        "pr": null,
        "re": 0.0,
        "fb": null
    }
}