{
    "operation": {
        "pr": 0.5900640770104753,
        "re": 0.657277673122137,
        "fb": 0.7372076112104764
    },
    "req": {
        "pr": 0.46084854991651647,
        "re": 0.34424869182060847,
        "fb": 0.46294003403717027
    },
    "res": {
        "pr": 0.5678177760936381,
        "re": 0.6379527999668936,
        "fb": 0.7102573983966272
    },
    "constraint": {
        "pr": 0.4939423470993809,
        "re": 0.26806055336599144,
        "fb": 0.38602107845352696
    }
}