{
    "pub-accountill.op.json": {
        "operation": {
            "pr": 0.6451612903225806,
            "re": 1.0,
            "fb": 0.7843137254901961,
            "tp_num": 20,
            "fp_num": 11,
            "fn_num": 0
        },
        "req": {
            "pr": 0.6666666666666666,
            "re": 0.35294117647058826,
            "fb": 0.46153846153846156,
            "tp_num": 30,
            "fp_num": 15,
            "fn_num": 55
        },
        "res": {
            "pr": 0.6060606060606061,
            "re": 1.0,
            "fb": 0.7547169811320755,
            "tp_num": 20,
            "fp_num": 13,
            "fn_num": 0
        },
        "constraint": {
            "pr": 0.4838709677419355,
            "re": 0.6818181818181818,
            "fb": 0.5660377358490567,
            "tp_num": 15,
            "fp_num": 16,
            "fn_num": 7
        }
    },
    "pub-cassandra.op.json": {
        "operation": {
            "pr": 0.9795918367346939,
            "re": 0.96,
            "fb": 0.9696969696969697,
            "tp_num": 48,
            "fp_num": 1,
            "fn_num": 2
        },
        "req": {
            "pr": 0.5051546391752577,
            "re": 0.5157894736842106,
            "fb": 0.5104166666666667,
            "tp_num": 49,
            "fp_num": 48,
            "fn_num": 46
        },
        "res": {
            "pr": 0.9814814814814815,
            "re": 0.9636363636363636,
            "fb": 0.9724770642201834,
            "tp_num": 53,
            "fp_num": 1,
            "fn_num": 2
        },
        "constraint": {
            "pr": 0.5,
            "re": 0.04081632653061224,
            "fb": 0.07547169811320753,
            "tp_num": 2,
            "fp_num": 2,
            "fn_num": 47
        }
    },
    "pub-laravel-blog.op.json": {
        "operation": {
            "pr": 0.34210526315789475,
            "re": 0.5652173913043478,
            "fb": 0.4262295081967213,
            "tp_num": 13,
            "fp_num": 25,
            "fn_num": 10
        },
        "req": {
            "pr": 0.3380281690140845,
            "re": 0.42105263157894735,
            "fb": 0.375,
            "tp_num": 24,
            "fp_num": 47,
            "fn_num": 33
        },
        "res": {
            "pr": 0.2857142857142857,
            "re": 0.5217391304347826,
            "fb": 0.3692307692307692,
            "tp_num": 12,
            "fp_num": 30,
            "fn_num": 11
        },
        "constraint": {
            "pr": 0.2903225806451613,
            "re": 0.23076923076923078,
            "fb": 0.2571428571428572,
            "tp_num": 9,
            "fp_num": 22,
            "fn_num": 30
        }
    },
    "pub-lin-cms.op.json": {
        "operation": {
            "pr": 0.5555555555555556,
            "re": 0.46875,
            "fb": 0.5084745762711864,
            "tp_num": 15,
            "fp_num": 12,
            "fn_num": 17
        },
        "req": {
            "pr": 0.4117647058823529,
            "re": 0.22950819672131148,
            "fb": 0.2947368421052632,
            "tp_num": 14,
            "fp_num": 20,
            "fn_num": 47
        },
        "res": {
            "pr": 0.5185185185185185,
            "re": 0.4375,
            "fb": 0.47457627118644063,
            "tp_num": 14,
            "fp_num": 13,
            "fn_num": 18
        },
        "constraint": {
            "pr": 0.5294117647058824,
            "re": 0.14285714285714285,
            "fb": 0.22499999999999998,
            "tp_num": 9,
            "fp_num": 8,
            "fn_num": 54
        }
    },
    "pub-proshop.op.json": {
        "operation": {
            "pr": 0.8571428571428571,
            "re": 1.0,
            "fb": 0.923076923076923,
            "tp_num": 24,
            "fp_num": 4,
            "fn_num": 0
        },
        "req": {
            "pr": 0.75,
            "re": 0.75,
            "fb": 0.75,
            "tp_num": 30,
            "fp_num": 10,
            "fn_num": 10
        },
        "res": {
            "pr": 0.8275862068965517,
            "re": 1.0,
            "fb": 0.9056603773584906,
            "tp_num": 24,
            "fp_num": 5,
            "fn_num": 0
        },
        "constraint": {
            "pr": 0.8888888888888888,
            "re": 0.48484848484848486,
            "fb": 0.6274509803921569,
            "tp_num": 16,
            "fp_num": 2,
            "fn_num": 17
        }
    },
    "pub-proxy-print.op.json": {
        "operation": {
            "pr": 0.9545454545454546,
            "re": 0.875,
            "fb": 0.9130434782608695,
            "tp_num": 63,
            "fp_num": 3,
            "fn_num": 9
        },
        "req": {
            "pr": 0.6761904761904762,
            "re": 0.4226190476190476,
            "fb": 0.5201465201465202,
            "tp_num": 71,
            "fp_num": 34,
            "fn_num": 97
        },
        "res": {
            "pr": 0.8939393939393939,
            "re": 0.8194444444444444,
            "fb": 0.855072463768116,
            "tp_num": 59,
            "fp_num": 7,
            "fn_num": 13
        },
        "constraint": {
            "pr": 0.703125,
            "re": 0.4090909090909091,
            "fb": 0.5172413793103449,
            "tp_num": 45,
            "fp_num": 19,
            "fn_num": 65
        }
    },
    "pub-realworld.op.json": {
        "operation": {
            "pr": 0.0,
            "re": 0.0,
            "fb": null,
            "tp_num": 0,
            "fp_num": 13,
            "fn_num": 18
        },
        "req": {
            "pr": 0.0,
            "re": 0.0,
            "fb": null,
            "tp_num": 0,
            "fp_num": 14,
            "fn_num": 23
        },
        "res": {
            "pr": 0.0,
            "re": 0.0,
            "fb": null,
            "tp_num": 0,
            "fp_num": 13,
            "fn_num": 18
        },
        "constraint": {
            "pr": 0.0,
            "re": 0.0,
            "fb": null,
            "tp_num": 0,
            "fp_num": 12,
            "fn_num": 18
        }
    },
    "pub-ur-codebin.op.json": {
        "operation": {
            "pr": 0.6666666666666666,
            "re": 0.5714285714285714,
            "fb": 0.6153846153846153,
            "tp_num": 4,
            "fp_num": 2,
            "fn_num": 3
        },
        "req": {
            "pr": 0.6,
            "re": 0.375,
            "fb": 0.4615384615384615,
            "tp_num": 6,
            "fp_num": 4,
            "fn_num": 10
        },
        "res": {
            "pr": 0.6666666666666666,
            "re": 0.5714285714285714,
            "fb": 0.6153846153846153,
            "tp_num": 4,
            "fp_num": 2,
            "fn_num": 3
        },
        "constraint": {
            "pr": 0.75,
            "re": 0.25,
            "fb": 0.375,
            "tp_num": 3,
            "fp_num": 1,
            "fn_num": 9
        }
    },
    "priv-edu-cms.op.json": {
        "operation": {
            "pr": 0.68,
            "re": 1.0,
            "fb": 0.8095238095238095,
            "tp_num": 34,
            "fp_num": 16,
            "fn_num": 0
        },
        "req": {
            "pr": 0.5409836065573771,
            "re": 0.44,
            "fb": 0.4852941176470588,
            "tp_num": 33,
            "fp_num": 28,
            "fn_num": 42
        },
        "res": {
            "pr": 0.68,
            "re": 1.0,
            "fb": 0.8095238095238095,
            "tp_num": 34,
            "fp_num": 16,
            "fn_num": 0
        },
        "constraint": {
            "pr": 0.6153846153846154,
            "re": 0.5217391304347826,
            "fb": 0.5647058823529412,
            "tp_num": 24,
            "fp_num": 15,
            "fn_num": 22
        }
    },
    "priv-edu-one.op.json": {
        "operation": {
            "pr": 0.9384615384615385,
            "re": 0.9384615384615385,
            "fb": 0.9384615384615385,
            "tp_num": 61,