{
    "operation": {
        "pr": 0.9542157189216013,
        "re": 0.9844720496894409,
        "fb": 0.9668192708983955
    },
    "req": {
        "pr": 0.9544383142407907,
        "re": 0.8845009702795871,
        "fb": 0.9157406426738084
    },
    "res": {
        "pr": 0.8699503621460613,
        "re": 0.8816233350461508,
        "fb": 0.8750860529480454
    },
    "constraint": {
        "pr": 0.9099589578167392,
        "re": 0.8394944667705085,
        "fb": 0.867959422450895
    }
}