{
    "pub-accountill.op.json": {
        "operation": {
            "pr": 1.0,
            "re": 1.0,
            "fb": 1.0,
            "tp_num": 20,
            "fp_num": 0,
            "fn_num": 0
        },
        "req": {
            "pr": 0.9861111111111112,
            "re": 0.8352941176470589,
            "fb": 0.9044585987261147,
            "tp_num": 71,
            "fp_num": 1,
            "fn_num": 14
        },
        "res": {
            "pr": 1.0,
            "re": 1.0,
            "fb": 1.0,
            "tp_num": 20,
            "fp_num": 0,
            "fn_num": 0
        },
        "constraint": {
            "pr": 0.8636363636363636,
            "re": 0.8636363636363636,
            "fb": 0.8636363636363636,
            "tp_num": 19,
            "fp_num": 3,
            "fn_num": 3
        }
    },
    "pub-cassandra.op.json": {
        "operation": {
            "pr": 0.9615384615384616,
            "re": 1.0,
            "fb": 0.9803921568627451,
            "tp_num": 50,
            "fp_num": 2,
            "fn_num": 0
        },
        "req": {
            "pr": 1.0,
            "re": 0.9473684210526315,
            "fb": 0.972972972972973,
            "tp_num": 90,
            "fp_num": 0,
            "fn_num": 5
        },
        "res": {
            "pr": 0.9298245614035088,
            "re": 0.9636363636363636,
            "fb": 0.9464285714285715,
            "tp_num": 53,
            "fp_num": 4,
            "fn_num": 2
        },
        "constraint": {
            "pr": 0.8596491228070176,
            "re": 1.0,
            "fb": 0.9245283018867925,
            "tp_num": 49,
            "fp_num": 8,
            "fn_num": 0
        }
    },
    "pub-laravel-blog.op.json": {
        "operation": {
            "pr": 0.6470588235294118,
            "re": 0.9565217391304348,
            "fb": 0.7719298245614036,
            "tp_num": 22,
            "fp_num": 12,
            "fn_num": 1
        },
        "req": {
            "pr": 0.6507936507936508,
            "re": 0.7192982456140351,
            "fb": 0.6833333333333335,
            "tp_num": 41,
            "fp_num": 22,
            "fn_num": 16
        },
        "res": {
            "pr": 0.10810810810810811,
            "re": 0.17391304347826086,
            "fb": 0.13333333333333333,
            "tp_num": 4,
            "fp_num": 33,
            "fn_num": 19
        },
        "constraint": {
            "pr": 0.5454545454545454,
            "re": 0.6153846153846154,
            "fb": 0.5783132530120482,
            "tp_num": 24,
            "fp_num": 20,
            "fn_num": 15
        }
    },
    "pub-lin-cms.op.json": {
        "operation": {
            "pr": 1.0,
            "re": 1.0,
            "fb": 1.0,
            "tp_num": 32,
            "fp_num": 0,
            "fn_num": 0
        },
        "req": {
            "pr": 0.9523809523809523,
            "re": 0.9836065573770492,
            "fb": 0.9677419354838709,
            "tp_num": 60,
            "fp_num": 3,
            "fn_num": 1
        },
        "res": {
            "pr": 0.96875,
            "re": 0.96875,
            "fb": 0.96875,
            "tp_num": 31,
            "fp_num": 1,
            "fn_num": 1
        },
        "constraint": {
            "pr": 0.9655172413793104,
            "re": 0.8888888888888888,
            "fb": 0.9256198347107438,
            "tp_num": 56,
            "fp_num": 2,
            "fn_num": 7
        }
    },
    "pub-proshop.op.json": {
        "operation": {
            "pr": 1.0,
            "re": 1.0,
            "fb": 1.0,
            "tp_num": 24,
            "fp_num": 0,
            "fn_num": 0
        },
        "req": {
            "pr": 1.0,
            "re": 0.725,
            "fb": 0.8405797101449275,
            "tp_num": 29,
            "fp_num": 0,
            "fn_num": 11
        },
        "res": {
            "pr": 0.875,
            "re": 0.875,
            "fb": 0.875,
            "tp_num": 21,
            "fp_num": 3,
            "fn_num": 3
        },
        "constraint": {
            "pr": 1.0,
            "re": 0.6363636363636364,
            "fb": 0.7777777777777778,
            "tp_num": 21,
            "fp_num": 0,
            "fn_num": 12
        }
    },
    "pub-proxy-print.op.json": {
        "operation": {
            "pr": 1.0,
            "re": 1.0,
            "fb": 1.0,
            "tp_num": 72,
            "fp_num": 0,
            "fn_num": 0
        },
        "req": {
            "pr": 0.94375,
            "re": 0.8988095238095238,
            "fb": 0.9207317073170732,
            "tp_num": 151,
            "fp_num": 9,
            "fn_num": 17
        },
        "res": {
            "pr": 0.8888888888888888,
            "re": 0.8888888888888888,
            "fb": 0.8888888888888888,
            "tp_num": 64,
            "fp_num": 8,
            "fn_num": 8
        },
        "constraint": {
            "pr": 0.9326923076923077,
            "re": 0.8818181818181818,
            "fb": 0.9065420560747663,
            "tp_num": 97,
            "fp_num": 7,
            "fn_num": 13
        }
    },
    "pub-realworld.op.json": {
        "operation": {
            "pr": 1.0,
            "re": 1.0,
            "fb": 1.0,
            "tp_num": 18,
            "fp_num": 0,
            "fn_num": 0
        },
        "req": {
            "pr": 1.0,
            "re": 0.9130434782608695,
            "fb": 0.9545454545454545,
            "tp_num": 21,
            "fp_num": 0,
            "fn_num": 2
        },
        "res": {
            "pr": 0.9444444444444444,
            "re": 0.9444444444444444,
            "fb": 0.9444444444444444,
            "tp_num": 17,
            "fp_num": 1,
            "fn_num": 1
        },
        "constraint": {
            "pr": 1.0,
            "re": 0.7222222222222222,
            "fb": 0.8387096774193548,
            "tp_num": 13,
            "fp_num": 0,
            "fn_num": 5
        }
    },
    "pub-ur-codebin.op.json": {
        "operation": {
            "pr": 0.8571428571428571,
            "re": 0.8571428571428571,
            "fb": 0.8571428571428571,
            "tp_num": 6,
            "fp_num": 1,
            "fn_num": 1
        },
        "req": {
            "pr": 1.0,
            "re": 0.875,
            "fb": 0.9333333333333333,
            "tp_num": 14,
            "fp_num": 0,
            "fn_num": 2
        },
        "res": {
            "pr": 0.8571428571428571,
            "re": 0.8571428571428571,
            "fb": 0.8571428571428571,
            "tp_num": 6,
            "fp_num": 1,
            "fn_num": 1
        },
        "constraint": {
            "pr": 1.0,
            "re": 0.9166666666666666,
            "fb": 0.9565217391304348,
            "tp_num": 11,
            "fp_num": 0,
            "fn_num": 1
        }
    },
    "priv-edu-cms.op.json": {
        "operation": {
            "pr": 1.0,
            "re": 1.0,
            "fb": 1.0,
            "tp_num": 34,
            "fp_num": 0,
            "fn_num": 0
        },
        "req": {
            "pr": 0.984375,
            "re": 0.84,
            "fb": 0.9064748201438849,
            "tp_num": 63,
            "fp_num": 1,
            "fn_num": 12
        },
        "res": {
            "pr": 0.9705882352941176,
            "re": 0.9705882352941176,
            "fb": 0.9705882352941176,
            "tp_num": 33,
            "fp_num": 1,
            "fn_num": 1
        },
        "constraint": {
            "pr": 0.8936170212765957,
            "re": 0.9130434782608695,
            "fb": 0.9032258064516129,
            "tp_num": 42,
            "fp_num": 5,
            "fn_num": 4
        }
    },
    "priv-edu-one.op.json": {
        "operation": {
            "pr": 0.9848484848484849,
            "re": 1.0,
            "fb": 0.9923664122137404,
            "tp_num": 65,
            "fp_num": 1,
            "fn_num": 0
        },
        "req": {
            "pr": 1.0,