{
    "operation": {
        "pr": 0.9919090571264485,
        "re": 0.9844720496894409,
        "fb": 0.9876964359403203
    },
    "req": {
        "pr": 0.9725587511334467,
        "re": 0.9737273628217901,
        "fb": 0.9718072072753633
    },
    "res": {
        "pr": 0.9731357467980836,
        "re": 0.967627183723731,
        "fb": 0.9698605443347512
    },
    "constraint": {
        "pr": 0.9232437687388643,
        "re": 0.9278013702567046,
        "fb": 0.922872336571125
    }
}