{
    "pub-accountill.op.json": {
        "operation": {
            "pr": 1.0,
            "re": 1.0,
            "fb": 1.0,
            "tp_num": 20,
            "fp_num": 0,
            "fn_num": 0
        },
        "req": {
            "pr": 1.0,
            "re": 0.9764705882352941,
            "fb": 0.988095238095238,
            "tp_num": 83,
            "fp_num": 0,
            "fn_num": 2
        },
        "res": {
            "pr": 0.95,
            "re": 0.95,
            "fb": 0.9500000000000001,
            "tp_num": 19,
            "fp_num": 1,
            "fn_num": 1
        },
        "constraint": {
            "pr": 0.8333333333333334,
            "re": 0.9090909090909091,
            "fb": 0.8695652173913043,
            "tp_num": 20,
            "fp_num": 4,
            "fn_num": 2
        }
    },
    "pub-cassandra.op.json": {
        "operation": {
            "pr": 0.9615384615384616,
            "re": 1.0,
            "fb": 0.9803921568627451,
            "tp_num": 50,
            "fp_num": 2,
            "fn_num": 0
        },
        "req": {
            "pr": 1.0,
            "re": 1.0,
            "fb": 1.0,
            "tp_num": 95,
            "fp_num": 0,
            "fn_num": 0
        },
        "res": {
            "pr": 0.9649122807017544,
            "re": 1.0,
            "fb": 0.9821428571428572,
            "tp_num": 55,
            "fp_num": 2,
            "fn_num": 0
        },
        "constraint": {
            "pr": 0.8305084745762712,
            "re": 1.0,
            "fb": 0.9074074074074074,
            "tp_num": 49,
            "fp_num": 10,
            "fn_num": 0
        }
    },
    "pub-laravel-blog.op.json": {
        "operation": {
            "pr": 0.9565217391304348,
            "re": 0.9565217391304348,
            "fb": 0.9565217391304348,
            "tp_num": 22,
            "fp_num": 1,
            "fn_num": 1
        },
        "req": {
            "pr": 0.9807692307692307,
            "re": 0.8947368421052632,
            "fb": 0.9357798165137614,
            "tp_num": 51,
            "fp_num": 1,
            "fn_num": 6
        },
        "res": {
            "pr": 0.9130434782608695,
            "re": 0.9130434782608695,
            "fb": 0.9130434782608695,
            "tp_num": 21,
            "fp_num": 2,
            "fn_num": 2
        },
        "constraint": {
            "pr": 0.8780487804878049,
            "re": 0.9230769230769231,
            "fb": 0.9,
            "tp_num": 36,
            "fp_num": 5,
            "fn_num": 3
        }
    },
    "pub-lin-cms.op.json": {
        "operation": {
            "pr": 1.0,
            "re": 1.0,
            "fb": 1.0,
            "tp_num": 32,
            "fp_num": 0,
            "fn_num": 0
        },
        "req": {
            "pr": 1.0,
            "re": 1.0,
            "fb": 1.0,
            "tp_num": 61,
            "fp_num": 0,
            "fn_num": 0
        },
        "res": {
            "pr": 1.0,
            "re": 1.0,
            "fb": 1.0,
            "tp_num": 32,
            "fp_num": 0,
            "fn_num": 0
        },
        "constraint": {
            "pr": 0.9384615384615385,
            "re": 0.9682539682539683,
            "fb": 0.953125,
            "tp_num": 61,
            "fp_num": 4,
            "fn_num": 2
        }
    },
    "pub-proshop.op.json": {
        "operation": {
            "pr": 1.0,
            "re": 1.0,
            "fb": 1.0,
            "tp_num": 24,
            "fp_num": 0,
            "fn_num": 0
        },
        "req": {
            "pr": 1.0,
            "re": 1.0,
            "fb": 1.0,
            "tp_num": 40,
            "fp_num": 0,
            "fn_num": 0
        },
        "res": {
            "pr": 1.0,
            "re": 1.0,
            "fb": 1.0,
            "tp_num": 24,
            "fp_num": 0,
            "fn_num": 0
        },
        "constraint": {
            "pr": 1.0,
            "re": 0.7575757575757576,
            "fb": 0.8620689655172413,
            "tp_num": 25,
            "fp_num": 0,
            "fn_num": 8
        }
    },
    "pub-proxy-print.op.json": {
        "operation": {
            "pr": 1.0,
            "re": 1.0,
            "fb": 1.0,
            "tp_num": 72,
            "fp_num": 0,
            "fn_num": 0
        },
        "req": {
            "pr": 0.9421965317919075,
            "re": 0.9702380952380952,
            "fb": 0.9560117302052786,
            "tp_num": 163,
            "fp_num": 10,
            "fn_num": 5
        },
        "res": {
            "pr": 0.9861111111111112,
            "re": 0.9861111111111112,
            "fb": 0.9861111111111112,
            "tp_num": 71,
            "fp_num": 1,
            "fn_num": 1
        },
        "constraint": {
            "pr": 0.9351851851851852,
            "re": 0.9181818181818182,
            "fb": 0.9266055045871558,
            "tp_num": 101,
            "fp_num": 7,
            "fn_num": 9
        }
    },
    "pub-realworld.op.json": {
        "operation": {
            "pr": 1.0,
            "re": 1.0,
            "fb": 1.0,
            "tp_num": 18,
            "fp_num": 0,
            "fn_num": 0
        },
        "req": {
            "pr": 0.8214285714285714,
            "re": 1.0,
            "fb": 0.9019607843137255,
            "tp_num": 23,
            "fp_num": 5,
            "fn_num": 0
        },
        "res": {
            "pr": 0.9444444444444444,
            "re": 0.9444444444444444,
            "fb": 0.9444444444444444,
            "tp_num": 17,
            "fp_num": 1,
            "fn_num": 1
        },
        "constraint": {
            "pr": 1.0,
            "re": 0.9444444444444444,
            "fb": 0.9714285714285714,
            "tp_num": 17,
            "fp_num": 0,
            "fn_num": 1
        }
    },
    "pub-ur-codebin.op.json": {
        "operation": {
            "pr": 1.0,
            "re": 0.8571428571428571,
            "fb": 0.923076923076923,
            "tp_num": 6,
            "fp_num": 0,
            "fn_num": 1
        },
        "req": {
            "pr": 1.0,
            "re": 0.875,
            "fb": 0.9333333333333333,
            "tp_num": 14,
            "fp_num": 0,
            "fn_num": 2
        },
        "res": {
            "pr": 1.0,
            "re": 0.8571428571428571,
            "fb": 0.923076923076923,
            "tp_num": 6,
            "fp_num": 0,
            "fn_num": 1
        },
        "constraint": {
            "pr": 1.0,
            "re": 0.9166666666666666,
            "fb": 0.9565217391304348,
            "tp_num": 11,
            "fp_num": 0,
            "fn_num": 1
        }
    },
    "priv-edu-cms.op.json": {
        "operation": {
            "pr": 1.0,
            "re": 1.0,
            "fb": 1.0,
            "tp_num": 34,
            "fp_num": 0,
            "fn_num": 0
        },
        "req": {
            "pr": 1.0,
            "re": 0.9733333333333334,
            "fb": 0.9864864864864865,
            "tp_num": 73,
            "fp_num": 0,
            "fn_num": 2
        },
        "res": {
            "pr": 0.9705882352941176,
            "re": 0.9705882352941176,
            "fb": 0.9705882352941176,
            "tp_num": 33,
            "fp_num": 1,
            "fn_num": 1
        },
        "constraint": {
            "pr": 0.8775510204081632,
            "re": 0.9347826086956522,
            "fb": 0.9052631578947369,
            "tp_num": 43,
            "fp_num": 6,
            "fn_num": 3
        }
    },
    "priv-edu-one.op.json": {
        "operation": {
            "pr": 0.9848484848484849,
            "re": 1.0,
            "fb": 0.9923664122137404,
            "tp_num": 65,
            "fp_num": 1,
            "fn_num": 0
        },
        "req": {
            "pr": 0.97,
            "re": 1.0,
            "fb": 0.9847715736040609,
            "tp_num": 97,
            "fp_num": 3,
            "fn_num": 0
        },