{
    "operation": {
        "pr": 0.6163623385043434,
        "re": 0.5660832482710598,
        "fb": 0.5733325364262771
    },
    "req": {
        "pr": 0.6092900101919528,
        "re": 0.3033848090632324,
        "fb": 0.370028380483867
    },
    "res": {
        "pr": 0.11346048996325013,
        "re": 0.10053375368592761,
        "fb": 0.2663110287373334
    },
    "constraint": {
        "pr": 0.5144230769230769,
        "re": 0.17800451321727917,
        "fb": 0.48682840379434805
    }
}