{
    "pub-accountill.ac.json": {
        "operation": {
            "pr": 0.2608695652173913,
            "re": 0.3,
            "fb": 0.27906976744186046,
            "tp_num": 6,
            "fp_num": 17,
            "fn_num": 14
        },
        "req": {
            "pr": 0.3548387096774194,
            "re": 0.12941176470588237,
            "fb": 0.18965517241379312,
            "tp_num": 11,
            "fp_num": 20,
            "fn_num": 74
        },
        "res": {
            "pr": 0.0,
            "re": 0.0,
            "fb": null,
            "tp_num": 0,
            "fp_num": 22,
            "fn_num": 20
        },
        "constraint": {
            "pr": 0.0,
            "re": 0.0,
            "fb": null,
            "tp_num": 0,
            "fp_num": 12,
            "fn_num": 22
        }
    },
    "pub-accountill.ex.json": {
        "operation": {
            "pr": 0.8333333333333334,
            "re": 1.0,
            "fb": 0.9090909090909091,
            "tp_num": 20,
            "fp_num": 4,
            "fn_num": 0
        },
        "req": {
            "pr": 1.0,
            "re": 0.15294117647058825,
            "fb": 0.2653061224489796,
            "tp_num": 13,
            "fp_num": 0,
            "fn_num": 72
        },
        "res": {
            "pr": 0.0,
            "re": 0.0,
            "fb": null,
            "tp_num": 0,
            "fp_num": 24,
            "fn_num": 20
        },
        "constraint": {
            "pr": 1.0,
            "re": 0.36363636363636365,
            "fb": 0.5333333333333333,
            "tp_num": 8,
            "fp_num": 0,
            "fn_num": 14
        }
    },
    "pub-cassandra.re.json": {
        "operation": {
            "pr": 1.0,
            "re": 1.0,
            "fb": 1.0,
            "tp_num": 50,
            "fp_num": 0,
            "fn_num": 0
        },
        "req": {
            "pr": 0.43617021276595747,
            "re": 0.43157894736842106,
            "fb": 0.43386243386243384,
            "tp_num": 41,
            "fp_num": 53,
            "fn_num": 54
        },
        "res": {
            "pr": 0.17307692307692307,
            "re": 0.16363636363636364,
            "fb": 0.16822429906542058,
            "tp_num": 9,
            "fp_num": 43,
            "fn_num": 46
        },
        "constraint": {
            "pr": null,
            "re": 0.0,
            "fb": null,
            "tp_num": 0,
            "fp_num": 0,
            "fn_num": 49
        }
    },
    "pub-lin-cms.ac.json": {
        "operation": {
            "pr": 0.2727272727272727,
            "re": 0.09375,
            "fb": 0.13953488372093023,
            "tp_num": 3,
            "fp_num": 8,
            "fn_num": 29
        },
        "req": {
            "pr": 0.75,
            "re": 0.04918032786885246,
            "fb": 0.0923076923076923,
            "tp_num": 3,
            "fp_num": 1,
            "fn_num": 58
        },
        "res": {
            "pr": 0.0,
            "re": 0.0,
            "fb": null,
            "tp_num": 0,
            "fp_num": 11,
            "fn_num": 32
        },
        "constraint": {
            "pr": 0.0,
            "re": 0.0,
            "fb": null,
            "tp_num": 0,
            "fp_num": 1,
            "fn_num": 63
        }
    },
    "pub-proshop.ac.json": {
        "operation": {
            "pr": 0.375,
            "re": 0.125,
            "fb": 0.1875,
            "tp_num": 3,
            "fp_num": 5,
            "fn_num": 21
        },
        "req": {
            "pr": 0.3333333333333333,
            "re": 0.025,
            "fb": 0.046511627906976744,
            "tp_num": 1,
            "fp_num": 2,
            "fn_num": 39
        },
        "res": {
            "pr": 0.0,
            "re": 0.0,
            "fb": null,
            "tp_num": 0,
            "fp_num": 7,
            "fn_num": 24
        },
        "constraint": {
            "pr": 0.0,
            "re": 0.0,
            "fb": null,
            "tp_num": 0,
            "fp_num": 3,
            "fn_num": 33
        }
    },
    "pub-proshop.ex.json": {
        "operation": {
            "pr": 0.35714285714285715,
            "re": 0.20833333333333334,
            "fb": 0.2631578947368421,
            "tp_num": 5,
            "fp_num": 9,
            "fn_num": 19
        },
        "req": {
            "pr": null,
            "re": 0.0,
            "fb": null,
            "tp_num": 0,
            "fp_num": 0,
            "fn_num": 40
        },
        "res": {
            "pr": 0.0,
            "re": 0.0,
            "fb": null,
            "tp_num": 0,
            "fp_num": 12,
            "fn_num": 24
        },
        "constraint": {
            "pr": null,
            "re": 0.0,
            "fb": null,
            "tp_num": 0,
            "fp_num": 0,
            "fn_num": 33
        }
    },
    "pub-proxy-print.re.json": {
        "operation": {
            "pr": 0.9863013698630136,
            "re": 1.0,
            "fb": 0.993103448275862,
            "tp_num": 72,
            "fp_num": 1,
            "fn_num": 0
        },
        "req": {
            "pr": 0.9583333333333334,
            "re": 0.8214285714285714,
            "fb": 0.8846153846153847,
            "tp_num": 138,
            "fp_num": 6,
            "fn_num": 30
        },
        "res": {
            "pr": 0.0684931506849315,
            "re": 0.06944444444444445,
            "fb": 0.06896551724137931,
            "tp_num": 5,
            "fp_num": 68,
            "fn_num": 67
        },
        "constraint": {
            "pr": 1.0,
            "re": 0.41818181818181815,
            "fb": 0.5897435897435896,
            "tp_num": 46,
            "fp_num": 0,
            "fn_num": 64
        }
    },
    "pub-realworld.ac.json": {
        "operation": {
            "pr": 0.15625,
            "re": 0.2777777777777778,
            "fb": 0.19999999999999998,
            "tp_num": 5,
            "fp_num": 27,
            "fn_num": 13
        },
        "req": {
            "pr": 0.2692307692307692,
            "re": 0.30434782608695654,
            "fb": 0.28571428571428575,
            "tp_num": 7,
            "fp_num": 19,
            "fn_num": 16
        },
        "res": {
            "pr": 0.0,
            "re": 0.0,
            "fb": null,
            "tp_num": 0,
            "fp_num": 35,
            "fn_num": 18
        },
        "constraint": {
            "pr": 0.11538461538461539,
            "re": 0.16666666666666666,
            "fb": 0.13636363636363638,
            "tp_num": 3,
            "fp_num": 23,
            "fn_num": 15
        }
    },
    "pub-ur-codebin.re.json": {
        "operation": {
            "pr": 1.0,
            "re": 0.8571428571428571,
            "fb": 0.923076923076923,
            "tp_num": 6,
            "fp_num": 0,
            "fn_num": 1
        },
        "req": {
            "pr": 0.42857142857142855,
            "re": 0.375,
            "fb": 0.39999999999999997,
            "tp_num": 6,
            "fp_num": 8,
            "fn_num": 10
        },
        "res": {
            "pr": 0.8333333333333334,
            "re": 0.7142857142857143,
            "fb": 0.7692307692307692,
            "tp_num": 5,
            "fp_num": 1,
            "fn_num": 2
        },
        "constraint": {
            "pr": 1.0,
            "re": 0.4166666666666667,
            "fb": 0.5882352941176471,
            "tp_num": 5,
            "fp_num": 0,
            "fn_num": 7
        }
    },
    "priv-edu-cms.ac.json": {
        "operation": {
            "pr": 0.16666666666666666,
            "re": 0.08823529411764706,
            "fb": 0.11538461538461539,
            "tp_num": 3,
            "fp_num": 15,
            "fn_num": 31
        },
        "req": {
            "pr": 0.4,
            "re": 0.02666666666666667,
            "fb": 0.05,
            "tp_num": 2,
            "fp_num": 3,
            "fn_num": 73
        },