{
    "operation": {
        "pr": 0.9987373737373737,
        "re": 0.9880952380952381,
        "fb": 0.992953611274222
    },
    "req": {
        "pr": 0.9888197767145135,
        "re": 0.9814415574897207,
        "fb": 0.9847373107711674
    },
    "res": {
        "pr": 0.9833103289625029,
        "re": 0.9725960432482171,
        "fb": 0.9774910283590296
    },
    "constraint": {
        "pr": 0.9644275215768494,
        "re": 0.8665104263513697,
        "fb": 0.9051960107842142
    }
}