{
    "pub-accountill.op.json": {
        "operation": {
            "pr": 1.0,
            "re": 1.0,
            "fb": 1.0,
            "tp_num": 20,
            "fp_num": 0,
            "fn_num": 0
        },
        "req": {
            "pr": 1.0,
            "re": 0.9882352941176471,
            "fb": 0.9940828402366864,
            "tp_num": 84,
            "fp_num": 0,
            "fn_num": 1
        },
        "res": {
            "pr": 1.0,
            "re": 1.0,
            "fb": 1.0,
            "tp_num": 20,
            "fp_num": 0,
            "fn_num": 0
        },
        "constraint": {
            "pr": 1.0,
            "re": 0.8636363636363636,
            "fb": 0.9268292682926829,
            "tp_num": 19,
            "fp_num": 0,
            "fn_num": 3
        }
    },
    "pub-cassandra.op.json": {
        "operation": {
            "pr": 1.0,
            "re": 1.0,
            "fb": 1.0,
            "tp_num": 50,
            "fp_num": 0,
            "fn_num": 0
        },
        "req": {
            "pr": 0.9894736842105263,
            "re": 0.9894736842105263,
            "fb": 0.9894736842105263,
            "tp_num": 94,
            "fp_num": 1,
            "fn_num": 1
        },
        "res": {
            "pr": 1.0,
            "re": 1.0,
            "fb": 1.0,
            "tp_num": 55,
            "fp_num": 0,
            "fn_num": 0
        },
        "constraint": {
            "pr": 0.8305084745762712,
            "re": 1.0,
            "fb": 0.9074074074074074,
            "tp_num": 49,
            "fp_num": 10,
            "fn_num": 0
        }
    },
    "pub-laravel-blog.op.json": {
        "operation": {
            "pr": 1.0,
            "re": 1.0,
            "fb": 1.0,
            "tp_num": 23,
            "fp_num": 0,
            "fn_num": 0
        },
        "req": {
            "pr": 1.0,
            "re": 1.0,
            "fb": 1.0,
            "tp_num": 57,
            "fp_num": 0,
            "fn_num": 0
        },
        "res": {
            "pr": 0.8695652173913043,
            "re": 0.8695652173913043,
            "fb": 0.8695652173913043,
            "tp_num": 20,
            "fp_num": 3,
            "fn_num": 3
        },
        "constraint": {
            "pr": 1.0,
            "re": 1.0,
            "fb": 1.0,
            "tp_num": 39,
            "fp_num": 0,
            "fn_num": 0
        }
    },
    "pub-lin-cms.op.json": {
        "operation": {
            "pr": 1.0,
            "re": 1.0,
            "fb": 1.0,
            "tp_num": 32,
            "fp_num": 0,
            "fn_num": 0
        },
        "req": {
            "pr": 1.0,
            "re": 1.0,
            "fb": 1.0,
            "tp_num": 61,
            "fp_num": 0,
            "fn_num": 0
        },
        "res": {
            "pr": 1.0,
            "re": 1.0,
            "fb": 1.0,
            "tp_num": 32,
            "fp_num": 0,
            "fn_num": 0
        },
        "constraint": {
            "pr": 0.9833333333333333,
            "re": 0.9365079365079365,
            "fb": 0.9593495934959351,
            "tp_num": 59,
            "fp_num": 1,
            "fn_num": 4
        }
    },
    "pub-proshop.op.json": {
        "operation": {
            "pr": 1.0,
            "re": 1.0,
            "fb": 1.0,
            "tp_num": 24,
            "fp_num": 0,
            "fn_num": 0
        },
        "req": {
            "pr": 1.0,
            "re": 1.0,
            "fb": 1.0,
            "tp_num": 40,
            "fp_num": 0,
            "fn_num": 0
        },
        "res": {
            "pr": 1.0,
            "re": 1.0,
            "fb": 1.0,
            "tp_num": 24,
            "fp_num": 0,
            "fn_num": 0
        },
        "constraint": {
            "pr": 1.0,
            "re": 0.7575757575757576,
            "fb": 0.8620689655172413,
            "tp_num": 25,
            "fp_num": 0,
            "fn_num": 8
        }
    },
    "pub-proxy-print.op.json": {
        "operation": {
            "pr": 1.0,
            "re": 1.0,
            "fb": 1.0,
            "tp_num": 72,
            "fp_num": 0,
            "fn_num": 0
        },
        "req": {
            "pr": 0.92,
            "re": 0.9583333333333334,
            "fb": 0.9387755102040817,
            "tp_num": 161,
            "fp_num": 14,
            "fn_num": 7
        },
        "res": {
            "pr": 1.0,
            "re": 1.0,
            "fb": 1.0,
            "tp_num": 72,
            "fp_num": 0,
            "fn_num": 0
        },
        "constraint": {
            "pr": 0.9310344827586207,
            "re": 0.4909090909090909,
            "fb": 0.6428571428571428,
            "tp_num": 54,
            "fp_num": 4,
            "fn_num": 56
        }
    },
    "pub-realworld.op.json": {
        "operation": {
            "pr": 1.0,
            "re": 1.0,
            "fb": 1.0,
            "tp_num": 18,
            "fp_num": 0,
            "fn_num": 0
        },
        "req": {
            "pr": 1.0,
            "re": 1.0,
            "fb": 1.0,
            "tp_num": 23,
            "fp_num": 0,
            "fn_num": 0
        },
        "res": {
            "pr": 0.9444444444444444,
            "re": 0.9444444444444444,
            "fb": 0.9444444444444444,
            "tp_num": 17,
            "fp_num": 1,
            "fn_num": 1
        },
        "constraint": {
            "pr": 1.0,
            "re": 0.8888888888888888,
            "fb": 0.9411764705882353,
            "tp_num": 16,
            "fp_num": 0,
            "fn_num": 2
        }
    },
    "pub-ur-codebin.op.json": {
        "operation": {
            "pr": 1.0,
            "re": 0.8571428571428571,
            "fb": 0.923076923076923,
            "tp_num": 6,
            "fp_num": 0,
            "fn_num": 1
        },
        "req": {
            "pr": 1.0,
            "re": 0.875,
            "fb": 0.9333333333333333,
            "tp_num": 14,
            "fp_num": 0,
            "fn_num": 2
        },
        "res": {
            "pr": 1.0,
            "re": 0.8571428571428571,
            "fb": 0.923076923076923,
            "tp_num": 6,
            "fp_num": 0,
            "fn_num": 1
        },
        "constraint": {
            "pr": 1.0,
            "re": 0.75,
            "fb": 0.8571428571428571,
            "tp_num": 9,
            "fp_num": 0,
            "fn_num": 3
        }
    },
    "priv-edu-cms.op.json": {
        "operation": {
            "pr": 1.0,
            "re": 1.0,
            "fb": 1.0,
            "tp_num": 34,
            "fp_num": 0,
            "fn_num": 0
        },
        "req": {
            "pr": 0.9866666666666667,
            "re": 0.9866666666666667,
            "fb": 0.9866666666666668,
            "tp_num": 74,
            "fp_num": 1,
            "fn_num": 1
        },
        "res": {
            "pr": 1.0,
            "re": 1.0,
            "fb": 1.0,
            "tp_num": 34,
            "fp_num": 0,
            "fn_num": 0
        },
        "constraint": {
            "pr": 1.0,
            "re": 0.9130434782608695,
            "fb": 0.9545454545454545,
            "tp_num": 42,
            "fp_num": 0,
            "fn_num": 4
        }
    },
    "priv-edu-one.op.json": {
        "operation": {
            "pr": 0.9848484848484849,
            "re": 1.0,
            "fb": 0.9923664122137404,
            "tp_num": 65,
            "fp_num": 1,
            "fn_num": 0
        },
        "req": {
            "pr": 0.9696969696969697,
            "re": 0.9896907216494846,
            "fb": 0.9795918367346939,
            "tp_num": 96,
            "fp_num": 3,
            "fn_num": 1
        },
        "res": {
            "pr": 0.9857142857142858,
            "re": 1.0,
            "fb": 0.9928057553956835,
            "tp_num": 69,
            "fp_num": 1,
            "fn_num": 0
        },
        "constraint": {
            "pr": 0.86,
            "re": 0.9148936170212766,
            "fb": 0.8865979381443299,